{"cameraMode":{"drawMode":0,"name":"Shaded","section":"Shading Mode"},"sceneLighting":true,"audioPlay":false,"sceneViewState":{"m_AlwaysRefresh":false,"showFog":false,"showSkybox":true,"showFlares":true,"showImageEffects":true,"showParticleSystems":true,"showVisualEffectGraphs":true,"m_FxEnabled":true},"in2DMode":false,"pivot":{"x":-0.40167608857154848,"y":0.7798845767974854,"z":1.7078309059143067},"rotation":{"x":0.03641143813729286,"y":-0.9616653323173523,"z":0.1586460918188095,"w":0.22070461511611939},"size":8.554242134094239,"orthographic":true}